r value,Index
2,0.040827253330349936
3,0.03914376510011694
4,0.033054439001521
5,0.033376752412689024
10,0.03467399729896034
20,0.03236985597118891
Clear text,0.049007620980738444
