r value,Index
2,0.03918904880251245
3,0.03726049582990376
4,0.03445290628138227
5,0.03528133166050009
10,0.033834916931043575
20,0.03288928667513738
Clear text,0.04920473827351889
